"","date","time","temp","clouds","humidity","wind","temp_min","temp_max"
"1",1400212800,"2014-05-16 0:0",279.331594756963,0,94,2.5797487711633,277.659557618788,280.659557618788
"2",1400216400,"2014-05-16 1:0",278.674887387387,0,93.5078828828829,1.55311936936937,276.657882882883,280.15
"3",1400220000,"2014-05-16 2:0",277.714197462769,8,93,2.91848317705461,275.660755653613,279.660755653613
"4",1400223600,"2014-05-16 3:0",276.621857219538,0,93.5099302200751,3.18173376274826,274.640069779925,278.640069779925
"5",1400227200,"2014-05-16 4:0",275.776633663366,0,94,1.25010662604722,274.15,277.5815816197
"6",1400230800,"2014-05-16 5:0",278.921554184524,0,99.6154099750389,1.5073098478783,276.854755804644,280.893606650026
"7",1400234400,"2014-05-16 6:0",278.290837846748,0,98.5981255592709,1.42084067253803,276.364763811049,280.215417039514
"8",1400238000,"2014-05-16 7:0",277.660121508972,0,97.580841143503,1.33437149719776,275.874771817454,279.537227429002
"9",1400241600,"2014-05-16 8:0",277.029405171196,0,96.5635567277351,1.24790232185749,275.384779823859,278.85903781849
"10",1400245200,"2014-05-16 9:0",276.39868883342,0,95.5462723119672,1.16143314651721,274.894787830264,278.180848207978
"11",1400248800,"2014-05-16 10:0",275.767972495644,0,94.5289878961993,1.07496397117694,274.404795836669,277.502658597466
"12",1400252400,"2014-05-16 11:0",280.086336581512,0,100,1.82335001316829,278.189747168817,282.239807742955
"13",1400256000,"2014-05-16 12:0",281.682864669994,88,99.424570160843,1.76077648363838,279.725429839157,284.300859678314
"14",1400259600,"2014-05-16 13:0",282.742164674635,88,99,1.54,280.744953519256,285.15
"15",1400263200,"2014-05-16 14:0",283.363738373837,88,99,1.23810081008101,281.676843684368,285.15
"16",1400266800,"2014-05-16 15:0",284.008962371722,88,85.0587229190422,1.30346351197263,282.334911630559,285.686202964652
"17",1400270400,"2014-05-16 16:0",284.800723472669,88,73,2.09557073954984,283.194115755627,286.15
"18",1400274000,"2014-05-16 17:0",285.030085001371,88,73,1.98820674527008,283.393685220729,286.652714559912
"19",1400277600,"2014-05-16 18:0",284.941242536253,64,69.0651123116292,1.83230594256469,283.15,287.101833949389
"20",1400281200,"2014-05-16 19:0",284.557126558769,64,66,1.76392146457946,282.580618201114,286.580618201114
"21",1400284800,"2014-05-17 20:0",283.911310829817,64,66,1.54,282.084990154712,285.689021097046
"22",1400288400,"2014-05-17 21:0",282.932317693612,92,72.3394573205201,1.24607970604862,281.52708027134,284.413318258903
"23",1400292000,"2014-05-17 22:0",282.417883253046,92,77,0.740014168319637,281.027313686597,283.955372626806
"24",1400295600,"2014-05-17 23:0",282.064269088845,92,77,0.51,280.511328413284,283.613241555492
"25",1400299200,"2014-05-17 0:0",281.376560509554,76,78.5801716975907,2.58529216283578,279.623276100803,282.623276100803
"26",1400302800,"2014-05-17 1:0",281.09108851332,76,80,2.69346605557147,279.206496705815,282.6636064165
"27",1400306400,"2014-05-17 2:0",280.829502762431,76,80,1.03,279.204908839779,282.649171270718
"28",1400310000,"2014-05-17 3:0",280.44455051489,76,80,1.28634845532981,279.15,282.15
"29",1400313600,"2014-05-17 4:0",280.057744656918,76,78.0179977502812,1.54,278.65449943757,281.65449943757
"30",1400317200,"2014-05-17 5:0",279.759817174515,24,76,1.03441551246537,278.424880886427,281.15
"31",1400320800,"2014-05-17 6:0",279.42231277533,24,72.523127753304,0.768281938325991,277.935154185022,281.15
"32",1400324400,"2014-05-17 7:0",279.07980124929,48,68.0198750709824,0.775167518455423,277.15,281.15
"33",1400328000,"2014-05-17 8:0",279.194547745729,36,67,0.999473536824419,277.625217026043,281.15
"34",1400331600,"2014-05-17 9:0",279.766105233853,36,67,1.54,278.413318485523,281.82710467706
"35",1400335200,"2014-05-17 10:0",281.093694567627,36,71.7034368070953,1.30012472283814,279.232081485588,283.323736141907
"36",1400338800,"2014-05-17 11:0",282.401302013423,24,77,1.53380134228188,280.631951677852,284.203804026846
"37",1400342400,"2014-05-17 12:0",283.515563770795,32,73.2865064695009,1.7841404805915,282.068853974122,285.262643253235
"38",1400346000,"2014-05-17 13:0",284.54342481418,32,70,1.54,283.200588907947,286.15
"39",1400349600,"2014-05-17 14:0",284.900810427883,32,70,1.54,283.418654009634,286.321686030037
"40",1400353200,"2014-05-17 15:0",284.832497936726,92,66.3969738651995,1.27749381017882,283.15,286.196905089409
"41",1400356800,"2014-05-17 16:0",284.702319825945,92,56.6426434593419,1.84586075605113,281.973889039978,286.046551536579
"42",1400360400,"2014-05-17 17:0",284.073623516111,92,52.5992085924251,2.02093838326738,280.338292820803,286.325912945167
"43",1400364000,"2014-05-17 18:0",283.773238899482,1,55.5992917461182,2.37163170798148,281.003475892127,286.304077907927
"44",1400367600,"2014-05-17 19:0",283.78350792752,8,52.7214043035108,1.71480464326161,282.098830690827,285.438683465459
"45",1400371200,"2014-05-18 20:0",283.293793949305,8,49,0.51,282.091297356228,284.52115017716
"46",1400374800,"2014-05-18 21:0",282.368150322959,8,56.7686435701703,2.51948913681738,281.175091015854,283.685120375807
"47",1400378400,"2014-05-18 22:0",281.224811399832,8,56.2078792958927,3.85916177703269,279.288843252305,283.15
"48",1400382000,"2014-05-18 23:0",279.857278040635,0,48,3.3,277.666838296688,282.077381018647
"49",1400385600,"2014-05-18 0:0",278.610015483871,0,54.7465806451613,2.61496258064516,276.631032258064,280.52520516129
"50",1400389200,"2014-05-18 1:0",278.177532156745,0,61,1.98,276.32314388274,280.15
"51",1400392800,"2014-05-18 2:0",277.723254143646,0,61,1.98,275.828226519337,279.659944751381
"52",1400396400,"2014-05-18 3:0",277.419736553238,0,61,1.98,275.539143798024,279.204879253567
"53",1400400000,"2014-05-18 4:0",277.465700934579,0,61.4953271028037,2.89140186915888,275.65261682243,279.205514018692
"54",1400403600,"2014-05-18 5:0",277.143469159922,20,62,3.82,274.780259559029,279.203173318448
"55",1400407200,"2014-05-18 6:0",277.144162895928,20,69.0757918552036,3.41903846153846,274.725497737557,279.524162895928
"56",1400410800,"2014-05-18 7:0",277.720924855491,0,73.2543352601156,1.81820809248555,275.112485549133,280.077514450867
"57",1400414400,"2014-05-18 8:0",279.622216097023,0,69,0.757816979051819,277.202855567806,281.427987872106
"58",1400418000,"2014-05-18 9:0",282.368885816975,0,69,1.52720210118883,279.82,283.931962952723
"59",1400421600,"2014-05-18 10:0",284.597065918654,0,70.4398316970547,1.81042917251052,281.686981767181,287.184187938289
"60",1400425200,"2014-05-18 11:0",286.869627586207,0,72,1.78902620689655,284.773150344828,289.20267862069
"61",1400428800,"2014-05-18 12:0",288.683034880527,0,72,2.55781378742104,286.740167536391,290.075048063719
"62",1400432400,"2014-05-18 13:0",289.92034677192,0,69.0837327318861,2.83211728221032,288.401694389625,291.736833944178
"63",1400436000,"2014-05-18 14:0",290.662402651201,0,66,2.81577464788732,289.529870201602,292.377959127313
"64",1400439600,"2014-05-18 15:0",291.155391473948,0,66,2.8335971022569,289.82,292.633142936751
"65",1400443200,"2014-05-18 16:0",291.51862295082,0,60.1180327868852,2.81998360655738,290.089590163934,293.15
"66",1400446800,"2014-05-18 17:0",291.619389830508,48,54,2.32566101694915,290.37,292.875694915254
"67",1400450400,"2014-05-18 18:0",291.584791666667,8,51.9935897435897,1.54,290.37,292.59
"68",1400454000,"2014-05-18 19:0",291.299045967043,8,50,1.80112749349523,290.37,292.59
"69",1400457600,"2014-05-19 20:0",290.720774610005,8,50,2.06,289.816194190425,292.036194190425
"70",1400461200,"2014-05-19 21:0",289.072220033765,8,50,1.27104389420371,287.676997749015,290.635053460889
"71",1400464800,"2014-05-19 22:0",286.992971114168,0,54.0583218707015,0.773790921595598,285.135419532325,288.465535075653
"72",1400468400,"2014-05-19 23:0",285.544458036984,0,58,1.03,283.929812233286,286.649573257468
"73",1400472000,"2014-05-19 0:0",284.700080622741,0,58,0.776144008896303,283.16323324993,285.769216013344
"74",1400475600,"2014-05-19 1:0",284.055757154765,0,59.4629063628786,0.763570436232287,281.50744929147,285.37
"75",1400479200,"2014-05-19 2:0",283.260570032573,0,61,2.49261400651466,280.095447882736,285.095447882736
"76",1400472000,"2014-05-19 0:0",284.700080622741,0,58,0.776144008896303,283.16323324993,285.769216013344
"77",1400475600,"2014-05-19 1:0",284.055757154765,0,59.4629063628786,0.763570436232287,281.50744929147,285.37
"78",1400479200,"2014-05-19 2:0",283.260570032573,0,61,2.49261400651466,280.095447882736,285.095447882736
"79",1400482800,"2014-05-19 3:0",282.679283894707,0,61,3.96,280.09585621285,284.539128219643
"80",1400486400,"2014-05-19 4:0",281.934736406293,0,61.9908915263594,3.49923544024289,279.270110405741,283.987504830251
"81",1400490000,"2014-05-19 5:0",281.155366129488,0,63,3.03,277.87577890868,283.43577890868
"82",1400493600,"2014-05-19 6:0",280.563138726717,0,61.0772866277453,2.67910480956352,277.325626911315,282.616447039199
"83",1400497200,"2014-05-19 7:0",280.410619765494,0,59.4776661083194,2.28567001675042,277.302716359576,282.570209380235
"84",1400500800,"2014-05-19 8:0",282.377681564246,0,58.1106145251397,1.95352793296089,278.903122905028,284.722913407821
"85",1400504400,"2014-05-19 9:0",286.107742456897,0,56,1.57085668103448,283.177473060345,288.369458512931
"86",1400508000,"2014-05-19 10:0",288.841812516933,0,57.0262801408832,1.80683283662964,287.176280140883,290.93958547819
"87",1400511600,"2014-05-19 11:0",290.712478466241,0,58,1.78649069185885,289.317674353987,292.358385662684
"88",1400515200,"2014-05-19 12:0",292.007530595594,0,54.7854228991025,1.81859668207778,290.37,293.68576285015
"89",1400518800,"2014-05-19 13:0",292.711041789288,0,52,2.06,291.238911124191,294.498605061801
"90",1400522400,"2014-05-19 14:0",293.355962666667,0,43.3050666666667,2.581696,292.04,295.101306666667
"91",1400526000,"2014-05-19 15:0",293.948802462227,8,38.70565193061,2.54003357582541,292.627610520425,295.666452154449
"92",1400529600,"2014-05-19 16:0",294.25,8,42,2.06,293.15,295.635615106915
"93",1400533200,"2014-05-19 17:0",294.142537185355,8,42,1.79390160183066,293.15,295.37
"94",1400536800,"2014-05-19 18:0",292.793971357753,64,37.4962820159736,1.54,291.648760671991,293.70362434591
"95",1400540400,"2014-05-19 19:0",293.616885155605,8,40.4706692371248,1.54,292.640223079042,294.804147617736
"96",1400544000,"2014-05-20 20:0",291.827710428038,64,36,1.54,290.652441827061,292.871367423154
"97",1400547600,"2014-05-20 21:0",290.56382131324,64,36.497308934338,1.02777179763186,289.155382131324,292.037987082885
"98",1400551200,"2014-05-20 22:0",289.039208261618,88,37,0.768657487091222,287.045731497418,290.927865748709
"99",1400554800,"2014-05-20 23:0",287.959744586341,88,37,0.779383675735702,285.93,289.782015546918
"100",1400558400,"2014-05-20 0:0",287.452368563686,88,40.4639566395664,1.15330623306233,285.93,288.65514905149
"101",1400562000,"2014-05-20 1:0",286.765112567683,92,44,1.81,285.049891707039,288.15
"102",1400565600,"2014-05-20 2:0",285.672634814194,92,44,1.1874238614138,283.939281922325,287.671095278011
"103",1400569200,"2014-05-20 3:0",284.782125445084,92,44,0.761383182689674,283.71,286.66657080252
"104",1400572800,"2014-05-20 4:0",284.755143734301,92,43.5121406642478,1.2788082612336,283.71,286.15
"105",1400576400,"2014-05-20 5:0",285.198062187673,88,43,1.54,283.977212659633,286.635841199334
"106",1400580000,"2014-05-20 6:0",285.621544991511,88,46.335597057159,1.54,284.26,287.15
"107",1400583600,"2014-05-20 7:0",286.090843975569,88,49.5319267073848,1.05788450860633,284.522121043865,287.618073292615
"108",1400587200,"2014-05-20 8:0",286.777767467249,92,49,1.00194868995633,285.082691048035,288.627620087336
"109",1400590800,"2014-05-20 9:0",287.338880105402,68,53.1001317523057,2.06789196310935,285.938893280632,289.15
"110",1400594400,"2014-05-20 10:0",287.46771000535,68,57,2.2858025682183,286.48,289.15
"111",1400598000,"2014-05-20 11:0",287.954589426322,68,57,2.06,286.801102362205,289.849544431946
"112",1400601600,"2014-05-20 12:0",289.556253115481,36,59.2708391027416,2.06,287.670157851011,291.948233176405
"113",1400605200,"2014-05-20 13:0",291.941719163968,36,58.8251398292611,1.77726817780394,289.96057109214,294.237430085369
"114",1400608800,"2014-05-20 14:0",294.023420454545,36,59.0079545454545,1.80103409090909,291.761113636364,296.153977272727
"115",1400612400,"2014-05-20 15:0",295.473223025584,36,61,2.06,293.074463292547,297.365717463849
"116",1400616000,"2014-05-20 16:0",296.63466270912,48,58.9827307069617,1.54055315704263,295.047684835402,297.872417701025
"117",1400619600,"2014-05-20 17:0",297.353267158253,48,57,1.28962847419172,296.209991491775,298.435082246171
"118",1400623200,"2014-05-20 18:0",297.670074646761,92,55.9624100239936,1.54,296.308797653959,298.938269794721
"119",1400626800,"2014-05-20 19:0",297.403201386882,92,55,1.00223345853799,294.876067610517,298.920274487142
"120",1400630400,"2014-05-21 20:0",296.503026706231,92,55,2.36875370919881,293.131721068249,298.420860534125
"121",1400634000,"2014-05-21 21:0",295.524355259345,92,55,2.53474645030426,292.59,297.863590263692
"122",1400637600,"2014-05-21 22:0",294.136860787576,92,59.4201331114809,2.17432334997227,291.774731003882,296.499700499168
"123",1400641200,"2014-05-21 23:0",292.87095039019,76,64,3.36,290.385827759197,295.100365105909
"124",1400644800,"2014-05-21 0:0",291.790251012146,92,82.1117408906883,2.18776788124157,288.979816464238,293.698078272605
"125",1400648400,"2014-05-21 1:0",291.388342368046,92,100,0.767552068473609,288.15,293.993087018545
"126",1400652000,"2014-05-21 2:0",291.804336551724,92,100,1.27708965517241,287.872857931034,294.820664827586
"127",1400655600,"2014-05-21 3:0",291.760060941828,92,100,2.56971745152355,287.035307479224,295.204476454294
"128",1400659200,"2014-05-21 4:0",291.567542172034,92,100,1.54328593336122,288.151645057856,294.650766764255
"129",1400662800,"2014-05-21 5:0",291.622749198383,92,100,2.57214415167991,287.032448069148,295.654530879688
"130",1400666400,"2014-05-21 6:0",291.278983853007,92,94.0902004454343,1.26146714922049,288.926692650334,293.657516703786
"131",1400670000,"2014-05-21 7:0",290.693768373036,1,90.6799290420679,1.80015205271161,289.15,292.614014191586
"132",1400673600,"2014-05-21 8:0",290.829819792303,1,93,1.7540012217471,289.696426389737,292.15
"133",1400677200,"2014-05-21 9:0",291.195089408528,75,93,1.80107290233838,290.15,292.15
"134",1400680800,"2014-05-21 10:0",293.617741574605,75,81.7253530974689,2.4758215634177,292.404929380506,294.404929380506
"135",1400684400,"2014-05-21 11:0",292.011812333939,75,89.2767445112572,2.22410851629143,290.894651097749,292.894651097749
"136",1400688000,"2014-05-21 12:0",295.172149357602,90,75.4424518201285,2.6,294.173019271949,296.173019271949
"137",1400691600,"2014-05-21 13:0",296.615402431963,40,66.8679791546034,2.6,295.661001737116,298.172003474233
"138",1400695200,"2014-05-21 14:0",298.355927452597,40,62.9829623522946,3.83935147018412,297.141481176147,300.141481176147
"139",1400698800,"2014-05-21 15:0",299.565037573059,40,62.999443362093,4.84993042026162,298.650139159477,301.15
"140",1400702400,"2014-05-21 16:0",300.307281337047,40,56.0222841225627,5.39643454038997,299.647771587744,301.647771587744
"141",1400706000,"2014-05-21 17:0",300.92,40,48.9781778505183,5.1385433715221,300.15,302.15
"142",1400709600,"2014-05-21 18:0",301.05857341878,40,43.9205906937866,3.58676511563109,299.636765115631,302.15
"143",1400713200,"2014-05-21 19:0",300.934855031268,1,39.9994314951677,3.85042637862422,299.15,302.15
"144",1400716800,"2014-05-22 20:0",300.634516129032,1,40.010752688172,4.09462365591398,298.644623655914,302.15
"145",1400720400,"2014-05-22 21:0",298.40087431694,1,45.2404371584699,3.06994535519126,296.029781420765,300.029781420765
"146",1400724000,"2014-05-22 22:0",295.433090379009,1,52.0962099125364,2.6,293.117930029154,297.633965014577
"147",1400727600,"2014-05-22 23:0",293.482317954419,1,55,2.6,290.675847693163,296.167231795442
"148",1400731200,"2014-05-22 0:0",292.074649681529,1,55,2.34309978768577,288.122399150743,294.636199575372
"149",1400734800,"2014-05-22 1:0",291.581035787024,1,57.0634274076229,2.61585685190573,287.665856851906,294.15
"150",1400738400,"2014-05-22 2:0",290.944068163376,1,61.023262104409,3.60581552610225,287.644184473898,293.138368947795
"151",1400731200,"2014-05-22 0:0",292.074649681529,1,55,2.34309978768577,288.122399150743,294.636199575372
"152",1400734800,"2014-05-22 1:0",291.581035787024,1,57.0634274076229,2.61585685190573,287.665856851906,294.15
"153",1400738400,"2014-05-22 2:0",290.944068163376,1,61.023262104409,3.60581552610225,287.644184473898,293.138368947795
"154",1400742000,"2014-05-22 3:0",290.455222095672,1,72.6406605922551,3.33889521640091,287.15,292.15
"155",1400745600,"2014-05-22 4:0",290.102575757576,1,84.4494949494949,3.88843434343434,286.660101010101,291.660101010101
"156",1400749200,"2014-05-22 5:0",289.097218251787,1,87,3.40088510170423,286.15,290.659620670698
"157",1400752800,"2014-05-22 6:0",287.815522143248,40,90.021323127392,1.5,285.646446145435,289.142892290869
"158",1400756400,"2014-05-22 7:0",287.30986332574,40,90.003416856492,1.5,285.649430523918,288.15
"159",1400760000,"2014-05-22 8:0",288.165505245721,1,79.1546107123136,3.26521258972943,286.64033683048,289.130673660961
"160",1400763600,"2014-05-22 9:0",288.978387096774,1,71,5.1,287.15,290.15
"161",1400767200,"2014-05-22 10:0",290.085491266376,1,69.0633187772926,5.39050218340611,287.634170305677,291.602510917031
"162",1400770800,"2014-05-22 11:0",291.69937360179,40,65.0425055928412,5.16168903803132,288.63937360179,293.63937360179
"163",1400774400,"2014-05-22 12:0",292.299461663948,90,64.9880369766177,5.14671016856988,289.15,294.15
"164",1400778000,"2014-05-22 13:0",292.661224256293,90,63.0549199084668,4.41784897025172,290.136270022883,294.643135011442
"165",1400781600,"2014-05-22 14:0",292.813340623291,75,59,3.83072717331875,291.15,294.662848551121
"166",1400785200,"2014-05-22 15:0",293.543734072022,90,55.5252077562327,5.14603878116344,292.142797783933,295.142797783933
"167",1400788800,"2014-05-22 16:0",294.455618038576,40,50.4735126324368,4.63145884270579,293.15,296.15
"168",1400792400,"2014-05-22 17:0",294.585137322926,40,49,4.10072275224053,293.15,296.15
"169",1400796000,"2014-05-22 18:0",294.431366255144,40,47.0499314128944,4.8437585733882,293.15,295.662482853224
"170",1400799600,"2014-05-22 19:0",294.308916528469,75,45,5.1,292.653869541183,295.646130458817
"171",1400803200,"2014-05-23 20:0",293.930162999185,1,46.5289323553382,4.08071176310785,291.640355881554,295.640355881554
"172",1400806800,"2014-05-23 21:0",292.409545454545,1,49.5306818181818,3.1,290.639772727273,293.619318181818
"173",1400810400,"2014-05-23 22:0",291.072959501558,1,51,3.1,289.171806853583,292.15
"174",1400814000,"2014-05-23 23:0",290.102467496542,40,54.3731673582296,4.0203928077455,287.186237897649,291.668118948824
"175",1400817600,"2014-05-23 0:0",288.960505355672,40,59.9588025267784,5.01,286.15,290.170598736611
"176",1400821200,"2014-05-23 1:0",288.19473062122,40,64.0021990104453,3.25307036833425,285.649450247389,289.15
"177",1400824800,"2014-05-23 2:0",287.548531073446,90,63.9144471347861,2.07352703793382,285.15,288.628611783696
"178",1400828400,"2014-05-23 3:0",286.406646706587,40,66.7348160821215,2.0213002566296,284.097818648417,287.623909324209
"179",1400832000,"2014-05-23 4:0",285.196234602464,1,73.5433930571109,2.31388577827548,282.641321388578,286.641321388578
"180",1400835600,"2014-05-23 5:0",284.053819672131,1,78.5642076502732,2.84357923497268,281.637158469945,285.124316939891
"181",1400839200,"2014-05-23 6:0",283.445232429441,1,81,2.6,281.15,284.673242944106
"182",1400842800,"2014-05-23 7:0",283.56623154848,1,81,3.10535455861071,281.655354558611,285.15
"183",1400846400,"2014-05-23 8:0",284.413990147783,1,76.0738916256158,3.6,283.135221674877,285.642610837438
"184",1400850000,"2014-05-23 9:0",285.792278047388,1,73.4307736226092,3.35692263773908,284.15,287.122309449044
"185",1400853600,"2014-05-23 10:0",286.924223946785,90,73.6288802660754,3.57422394678492,284.624223946785,288.624223946785
"186",1400857200,"2014-05-23 11:0",288.043367630701,75,71,4.1,285.624694104561,290.099388209121
"187",1400860800,"2014-05-23 12:0",289.06398858075,75,69.0587275693312,3.85734094616639,286.635318107667,291.15
"188",1400864400,"2014-05-23 13:0",290.32334248079,75,64.9923161361142,4.10192096597146,288.153841931943,292.153841931943
"189",1400868000,"2014-05-23 14:0",291.683855387254,75,61.024578450986,4.35307230637325,289.643855387253,293.643855387253
"190",1400871600,"2014-05-23 15:0",292.54662295082,75,55.5803278688525,4.1,290.638524590164,294.15
"191",1400875200,"2014-05-23 16:0",293.31,75,53.5,3.35,291.15,294.65
"192",1400878800,"2014-05-23 17:0",293.801730103806,75,50.1557093425606,3.08442906574394,292.118858131488,294.665570934256
"193",1400882400,"2014-05-23 18:0",293.687232876712,40,48.3178082191781,3.12602739726027,292.202054794521,294.15
"194",1400886000,"2014-05-23 19:0",293.43524691358,75,50.0987654320988,3.31296296296296,291.625308641975,294.15
"195",1400889600,"2014-05-24 20:0",293.068240086909,1,48,3.13530689842477,291.667653449212,294.15
"196",1400893200,"2014-05-24 21:0",291.824618834081,1,53.3766816143498,3.52237668161435,290.172421524664,293.172421524664
"197",1400896800,"2014-05-24 22:0",287.23910460251,1,75.305160390516,3.20160948396095,284.703138075314,289.185425383543
"198",1400900400,"2014-05-24 23:0",289.739523012552,1,64.2591352859135,4.42671408647141,287.715690376569,291.193793584379
"199",1400904000,"2014-05-24 0:0",285.940545149567,1,78.636287391669,2.57,283.15,288.15
"200",1400907600,"2014-05-24 1:0",285.456040231469,1,81.213557453844,2.06286304767153,283.623959768531,287.676040231469
"201",1400911200,"2014-05-24 2:0",284.695463117027,1,89.8718801996672,1.5,283.671353300055,286.671353300055
"202",1400914800,"2014-05-24 3:0",284.320829377269,1,90.1399050544541,1.89087964255794,282.673317509076,286.15
"203",1400918400,"2014-05-24 4:0",283.831331312018,1,89.8693495038589,2.21479051819184,282.15,285.67177508269
"204",1400922000,"2014-05-24 5:0",283.44,1,93,1.67766871165644,282.15,285.15
"205",1400925600,"2014-05-24 6:0",283.226187150838,1,93,1.22,281.674860335195,285.15
"206",1400929200,"2014-05-24 7:0",283.316630615641,1,93,1.2673377703827,281.15,285.15
"207",1400932800,"2014-05-24 8:0",285.554315259922,1,84.9941307993292,1.32,283.975600894354,287.03373392957
"208",1400936400,"2014-05-24 9:0",289.204917355372,1,71.7479338842975,1.32,288.094903581267,290.567355371901
"209",1400940000,"2014-05-24 10:0",292.132695507488,1,61.2728785357737,1.67794509151414,290.104520244038,293.581780366057
"210",1400943600,"2014-05-24 11:0",294.166430532674,1,50.1592531576057,2.07,292.118149368479,295.634074684239
"211",1400947200,"2014-05-24 12:0",295.197552870091,1,53.9184290030211,1.55471299093656,293.645468277946,296.645468277946
"212",1400950800,"2014-05-24 13:0",295.779285714286,0,60.5453514739229,1.03,294.204002267574,297.640929705215
"213",1400954400,"2014-05-24 14:0",296.416961602671,0,58,1.03,294.528937117418,298.683071786311
"214",1400958000,"2014-05-24 15:0",297.025276243094,0,58,1.27598342541436,295.355375690608,299.206944751381
"215",1400961600,"2014-05-24 16:0",297.500535172414,0,53.6030344827586,1.29083862068966,295.93,299.477329655172
"216",1400965200,"2014-05-24 17:0",297.680277161863,0,49,1.28146618625277,296.20118902439,299.543880266075
"217",1400968800,"2014-05-24 18:0",297.322155269058,0,43.1244394618834,1.79460762331839,296.210703475336,298.716510650224
"218",1400972400,"2014-05-24 19:0",296.882418952618,0,37.9731227486838,1.55884178442782,295.550482128013,298.15
"219",1400976000,"2014-05-25 20:0",296.590871459695,0,39,1.72694989106754,295.15,297.871220043573
"220",1400979600,"2014-05-25 21:0",295.071155778894,0,39,2.43,293.295533221664,296.862361809045
"221",1400983200,"2014-05-25 22:0",292.158191964286,0,47.5094866071429,2.55013392857143,289.813141741071,295.148883928571
"222",1400986800,"2014-05-25 23:0",289.287827063448,0,56,2.67,287.055581134194,292.562599663111
"223",1400990400,"2014-05-25 0:0",287.592598382749,0,63.0415094339623,2.11170889487871,285.537687331536,290.93
"224",1400994000,"2014-05-25 1:0",286.414488977956,0,70,1.56,284.42484683653,289.248047523619
"225",1400997600,"2014-05-25 2:0",285.581793871866,0,70,1.56,283.71,287.862824512535
"226",1400990400,"2014-05-25 0:0",287.592598382749,0,63.0415094339623,2.11170889487871,285.537687331536,290.93
"227",1400994000,"2014-05-25 1:0",286.414488977956,0,70,1.56,284.42484683653,289.248047523619
"228",1400997600,"2014-05-25 2:0",285.581793871866,0,70,1.56,283.71,287.862824512535
"229",1401001200,"2014-05-25 3:0",285.071851954533,0,70,1.56,282.950543387857,287.17633767674
"230",1401004800,"2014-05-25 4:0",284.464871220605,0,73.8701007838746,1.44389697648376,282.15,286.309641657335
"231",1401008400,"2014-05-25 5:0",284.122406431938,0,78,1.32,282.361644025506,286.48
"232",1401012000,"2014-05-25 6:0",283.627868119586,0,77.0421905560212,0.936876222408494,282.379281922325,285.843056719754
"233",1401015600,"2014-05-25 7:0",292.785354756892,32,94.8514911393664,1.30382515789997,291.407074333173,294.079653697595
"234",1401019200,"2014-05-25 8:0",292.642871790196,32,94.5680171742122,1.29203860882251,291.2678736966,293.945376556206
"235",1401022800,"2014-05-25 9:0",292.5003888235,32,94.2845432090579,1.28025205974504,291.128673060027,293.811099414817
"236",1401026400,"2014-05-25 10:0",292.357905856804,32,94.0010692439037,1.26846551066757,290.989472423454,293.676822273428
"237",1401030000,"2014-05-25 11:0",292.215422890108,32,93.7175952787494,1.25667896159011,290.850271786881,293.542545132039
"238",1401033600,"2014-05-25 12:0",292.072939923412,32,93.4341213135951,1.24489241251264,290.711071150308,293.40826799065
"239",1401037200,"2014-05-25 13:0",291.930456956716,32,93.1506473484409,1.23310586343517,290.571870513734,293.273990849261
"240",1401040800,"2014-05-25 14:0",291.78797399002,32,92.8671733832866,1.22131931435771,290.432669877161,293.139713707873
"241",1401044400,"2014-05-25 15:0",291.645491023324,32,92.5836994181324,1.20953276528024,290.293469240588,293.005436566484
"242",1401048000,"2014-05-25 16:0",291.503008056629,32,92.3002254529781,1.19774621620278,290.154268604015,292.871159425095
"243",1401051600,"2014-05-25 17:0",291.360525089933,32,92.0167514878239,1.18595966712531,290.015067967442,292.736882283706
"244",1401055200,"2014-05-25 18:0",291.218042123237,32,91.7332775226696,1.17417311804784,289.875867330869,292.602605142317
"245",1401058800,"2014-05-25 19:0",291.075559156541,32,91.4498035575154,1.16238656897038,289.736666694296,292.468328000928
"246",1401062400,"2014-05-26 20:0",290.933076189845,32,91.1663295923611,1.15060001989291,289.597466057723,292.334050859539
"247",1401066000,"2014-05-26 21:0",290.790593223149,32,90.8828556272069,1.13881347081544,289.458265421149,292.199773718151
"248",1401069600,"2014-05-26 22:0",290.648110256453,32,90.5993816620526,1.12702692173798,289.319064784576,292.065496576762
"249",1401073200,"2014-05-26 23:0",290.505627289757,32,90.3159076968984,1.11524037266051,289.179864148003,291.931219435373
"250",1401076800,"2014-05-26 0:0",290.363144323061,32,90.0324337317441,1.10345382358304,289.04066351143,291.796942293984
"251",1401080400,"2014-05-26 1:0",290.220661356365,32,89.7489597665899,1.09166727450558,288.901462874857,291.662665152595
"252",1401084000,"2014-05-26 2:0",290.078178389669,32,89.4654858014356,1.07988072542811,288.762262238284,291.528388011206
"253",1401087600,"2014-05-26 3:0",289.935695422973,32,89.1820118362813,1.06809417635065,288.623061601711,291.394110869817
"254",1401091200,"2014-05-26 4:0",289.793212456277,32,88.8985378711271,1.05630762727318,288.483860965138,291.259833728429
"255",1401094800,"2014-05-26 5:0",289.650729489581,32,88.6150639059728,1.04452107819571,288.344660328565,291.12555658704
"256",1401098400,"2014-05-26 6:0",289.508246522885,32,88.3315899408186,1.03273452911825,288.205459691991,290.991279445651
"257",1401102000,"2014-05-26 7:0",289.365763556189,32,88.0481159756643,1.02094798004078,288.066259055418,290.857002304262
"258",1401105600,"2014-05-26 8:0",289.223280589493,32,87.7646420105101,1.00916143096331,287.927058418845,290.722725162873
"259",1401109200,"2014-05-26 9:0",289.080797622797,32,87.4811680453558,0.997374881885848,287.787857782272,290.588448021484
"260",1401112800,"2014-05-26 10:0",288.938314656101,32,87.1976940802016,0.985588332808382,287.648657145699,290.454170880095
"261",1401116400,"2014-05-26 11:0",288.795831689405,32,86.9142201150473,0.973801783730915,287.509456509126,290.319893738707
"262",1401120000,"2014-05-26 12:0",288.653348722709,32,86.6307461498931,0.962015234653449,287.370255872553,290.185616597318
"263",1401123600,"2014-05-26 13:0",288.510865756013,32,86.3472721847388,0.950228685575983,287.23105523598,290.051339455929
"264",1401127200,"2014-05-26 14:0",288.368382789318,32,86.0637982195846,0.938442136498516,287.091854599407,289.91706231454
"265",1401130800,"2014-05-26 15:0",288.225899822622,32,85.7803242544303,0.92665558742105,286.952653962833,289.782785173151
"266",1401134400,"2014-05-26 16:0",288.083416855926,0,85.4968502892761,0.914869038343584,286.81345332626,289.648508031762
"267",1401138000,"2014-05-26 17:0",287.94093388923,0,85.2133763241218,0.903082489266117,286.674252689687,289.514230890373
"268",1401141600,"2014-05-26 18:0",287.798450922534,0,84.9299023589676,0.891295940188651,286.535052053114,289.379953748985
"269",1401145200,"2014-05-26 19:0",287.655967955838,0,84.6464283938133,0.879509391111185,286.395851416541,289.245676607596
"270",1401148800,"2014-05-27 20:0",287.513484989142,0,84.3629544286591,0.867722842033719,286.256650779968,289.111399466207
"271",1401152400,"2014-05-27 21:0",287.371002022446,0,84.0794804635048,0.855936292956252,286.117450143395,288.977122324818
"272",1401156000,"2014-05-27 22:0",287.22851905575,0,83.7960064983506,0.844149743878786,285.978249506822,288.842845183429
"273",1401159600,"2014-05-27 23:0",287.086036089054,0,83.5125325331963,0.83236319480132,285.839048870248,288.70856804204
"274",1401163200,"2014-05-27 0:0",286.943553122358,0,83.229058568042,0.820576645723853,285.699848233675,288.574290900651
"275",1401166800,"2014-05-27 1:0",286.801070155662,0,82.9455846028878,0.808790096646387,285.560647597102,288.440013759263
"276",1401170400,"2014-05-27 2:0",286.658587188966,0,82.6621106377335,0.797003547568921,285.421446960529,288.305736617874
"277",1401174000,"2014-05-27 3:0",286.51610422227,0,82.3786366725793,0.785216998491454,285.282246323956,288.171459476485
"278",1401177600,"2014-05-27 4:0",286.373621255574,0,82.095162707425,0.773430449413988,285.143045687383,288.037182335096
"279",1401181200,"2014-05-27 5:0",286.231138288878,0,81.8116887422708,0.761643900336522,285.00384505081,287.902905193707
"280",1401184800,"2014-05-27 6:0",286.088655322182,0,81.5282147771165,0.749857351259055,284.864644414237,287.768628052318
"281",1401188400,"2014-05-27 7:0",285.946172355486,0,81.2447408119623,0.738070802181589,284.725443777664,287.634350910929
"282",1401192000,"2014-05-27 8:0",285.80368938879,0,80.961266846808,0.726284253104123,284.58624314109,287.500073769541
"283",1401195600,"2014-05-27 9:0",285.661206422094,0,80.6777928816538,0.714497704026656,284.447042504517,287.365796628152
"284",1401199200,"2014-05-27 10:0",285.518723455398,0,80.3943189164995,0.70271115494919,284.307841867944,287.231519486763
"285",1401202800,"2014-05-27 11:0",285.376240488702,0,80.1108449513453,0.690924605871724,284.168641231371,287.097242345374
"286",1401206400,"2014-05-27 12:0",285.233757522007,0,79.827370986191,0.679138056794258,284.029440594798,286.962965203985
"287",1401210000,"2014-05-27 13:0",285.091274555311,0,79.5438970210368,0.667351507716791,283.890239958225,286.828688062596
"288",1401213600,"2014-05-27 14:0",284.948791588615,0,79.2604230558825,0.655564958639325,283.751039321652,286.694410921207
"289",1401217200,"2014-05-27 15:0",284.806308621919,0,78.9769490907282,0.643778409561859,283.611838685079,286.560133779819
"290",1401220800,"2014-05-27 16:0",284.663825655223,0,78.693475125574,0.631991860484392,283.472638048506,286.42585663843
"291",1401224400,"2014-05-27 17:0",284.521342688527,0,78.4100011604197,0.620205311406926,283.333437411932,286.291579497041
"292",1401228000,"2014-05-27 18:0",284.378859721831,0,78.1265271952655,0.60841876232946,283.194236775359,286.157302355652
"293",1401231600,"2014-05-27 19:0",284.236376755135,0,77.8430532301112,0.596632213251993,283.055036138786,286.023025214263
"294",1401235200,"2014-05-28 20:0",284.093893788439,0,77.559579264957,0.584845664174527,282.915835502213,285.888748072874
"295",1401238800,"2014-05-28 21:0",283.951410821743,0,77.2761052998027,0.573059115097061,282.77663486564,285.754470931485
"296",1401242400,"2014-05-28 22:0",283.808927855047,0,76.9926313346485,0.561272566019595,282.637434229067,285.620193790097
"297",1401246000,"2014-05-28 23:0",283.666444888351,0,76.7091573694942,0.549486016942128,282.498233592494,285.485916648708
"298",1401249600,"2014-05-28 0:0",283.523961921655,0,76.42568340434,0.537699467864662,282.359032955921,285.351639507319
"299",1401253200,"2014-05-28 1:0",283.381478954959,0,76.1422094391857,0.525912918787196,282.219832319348,285.21736236593
"300",1401256800,"2014-05-28 2:0",292.801020408163,32,95,1.31,291.317806122449,294.15
"301",1401249600,"2014-05-28 0:0",292.55612244898,32,95,1.31,290.644336734694,294.15
"302",1401253200,"2014-05-28 1:0",292.678571428571,32,95,1.31,290.981071428571,294.15
"303",1401256800,"2014-05-28 2:0",292.801020408163,32,95,1.31,291.317806122449,294.15
"304",1401260400,"2014-05-28 3:0",292.614022099448,32,95,1.31,291.043403314917,294.15
"305",1401264000,"2014-05-28 4:0",292.208035664531,32,94.5143494009473,1.21772638617999,290.551192532739,293.664349400947
"306",1401267600,"2014-05-28 5:0",291.759097682119,24,94,0.822574503311258,290.530314569536,292.876953642384
"307",1401271200,"2014-05-28 6:0",291.594908333333,24,94,0.765233333333333,290.655133333333,292.59
"308",1401274800,"2014-05-28 7:0",291.455516014235,24,92.0071174377224,1.03,290.260391459075,292.370782918149
"309",1401278400,"2014-05-28 8:0",291.275287453979,68,90,1.03,289.986355140187,292.645893514585
"310",1401282000,"2014-05-28 9:0",291.142722222222,68,90,0.777077777777778,289.82,293.15
"311",1401285600,"2014-05-28 10:0",290.654065281899,56,84.486646884273,1.02625033719989,288.982972754249,292.648786080388
"312",1401289200,"2014-05-28 11:0",290.285295441756,56,79,1.80512099043331,288.15,292.15
"313",1401292800,"2014-05-28 12:0",290.143370226895,32,88.5998893193138,2.06,288.15,292.15
"314",1401296400,"2014-05-28 13:0",290.100092931569,68,84.4885947620389,1.54456491129259,288.15,292.15
"315",1401300000,"2014-05-28 14:0",290.08583796664,90,79.7948106963198,2.87691024622716,288.15,292.093092401377
"316",1401303600,"2014-05-28 15:0",290.076264236902,90,90.6566059225513,3.27169703872437,288.447539863326,292.04
"317",1401307200,"2014-05-28 16:0",290.942447552448,75,90.4251748251748,2.61496503496504,289.45154965035,292.096646153846
"318",1401310800,"2014-05-28 17:0",292.540988074957,1,79.9909142532652,3.69067007382169,291.151135718342,293.651703577513
"319",1401314400,"2014-05-28 18:0",293.669901227977,40,69.9615589962627,3.67865990389749,292.659610250934,295.15
"320",1401318000,"2014-05-28 19:0",293.671247863248,40,72.6641025641026,3.63378062678063,292.631766381766,295.15
"321",1401321600,"2014-05-29 20:0",292.929713804714,90,74.4985970819304,3.11443041526375,291.649719416386,294.649719416386
"322",1401325200,"2014-05-29 21:0",292.17855667225,90,76.927414852038,3.10026521496371,290.657258514796,293.657258514796
"323",1401328800,"2014-05-29 22:0",291.320068681319,75,87.4546703296703,2.82583791208791,289.158241758242,292.654120879121
"324",1401332400,"2014-05-29 23:0",290.441603139013,1,87.5339125560538,2.63297085201794,288.15,291.653082959641
"325",1401336000,"2014-05-29 0:0",289.447432091851,1,87.3721646597592,3.78,287.173242789135,290.661621394567
"326",1401339600,"2014-05-29 1:0",288.201068870523,1,93,3.56985674931129,285.66129476584,289.66129476584
"327",1401343200,"2014-05-29 2:0",287.309595567867,1,93,2.43576177285319,285.15,288.932559556787
"328",1401346800,"2014-05-29 3:0",286.919930690324,1,93,2.8257471583033,285.15,288.431940670918
"329",1401350400,"2014-05-29 4:0",286.566028089888,1,93,3.15186235955056,284.658146067416,287.658146067416
"330",1401354000,"2014-05-29 5:0",285.661708472687,1,86.2146042363434,1.58140189520624,283.665328874025,287.15
"331",1401357600,"2014-05-29 6:0",284.745537513998,0,85.7060470324748,1.03,282.670996640538,286.297374020157
"332",1401361200,"2014-05-29 7:0",284.602151242151,92,83.7982527982528,1.27699426699427,282.363093093093,285.907575757576
"333",1401364800,"2014-05-29 8:0",285.803252673044,36,74,1.54,283.674254361283,287.291975239167
"334",1401368400,"2014-05-29 9:0",287.376692563818,36,74,1.29490566037736,285.459167591565,288.95256381798
"335",1401372000,"2014-05-29 10:0",289.429722882027,0,72.4790182106097,1.55220374769068,287.67098178939,291.224373185537
"336",1401375600,"2014-05-29 11:0",291.555274884259,0,70.4858217592593,1.26302372685185,290.065237268519,293.392118055556
"337",1401379200,"2014-05-29 12:0",293.186104651163,0,67.5235326688815,1.27770487264673,292.306915836102,294.754258028793
"338",1401382800,"2014-05-29 13:0",294.484403927069,0,70.4120617110799,1.80415708274895,293.434476858345,295.916126227209
"339",1401386400,"2014-05-29 14:0",295.296737884315,0,76,1.80989056800417,293.669020323085,296.827743616467
"340",1401390000,"2014-05-29 15:0",295.968563718141,0,76,2.06,294.66784107946,297.093037481259
"341",1401393600,"2014-05-29 16:0",296.36369324474,0,70.2225913621263,1.80964562569214,295.15,297.304797895903
"342",1401397200,"2014-05-29 17:0",296.674892787524,0,58.21888053467,1.54,294.991019214703,298.341545530493
"343",1401400800,"2014-05-29 18:0",296.88733832917,0,57.7718567860117,1.2946960865945,294.82,299.15
"344",1401404400,"2014-05-29 19:0",296.685854879066,0,58.7094801223242,1.03,294.497759243814,298.938379204893
"345",1401408000,"2014-05-30 20:0",295.689654409732,8,53,1.03,293.184006082389,297.632916781863
"346",1401411600,"2014-05-30 21:0",293.268171507607,8,53,2.05844260027663,290.741374827109,295.397941908714
"347",1401415200,"2014-05-30 22:0",290.714303797468,8,56.9537699504678,3.29815079801871,288.711414419373,293.162828838745
"348",1401418800,"2014-05-30 23:0",288.986794582393,8,61,2.01163656884876,287.168058690745,290.950045146727
"349",1401422400,"2014-05-30 0:0",287.602295081967,8,61,1.96081967213115,285.495901639344,289.544590163934
"350",1401426000,"2014-05-30 1:0",286.917774030354,8,66.4350758853288,2.9362563237774,284.82,288.71155143339
"351",1401429600,"2014-05-30 2:0",286.27365470852,8,72,2.4,284.549103139013,287.666255605381
"352",1401433200,"2014-05-30 3:0",285.390248002204,8,72,2.4,283.723199228438,286.666395701295
"353",1401436800,"2014-05-30 4:0",284.808773161145,8,82.1226838854576,2.36143739472207,283.15,286.15
"354",1401440400,"2014-05-30 5:0",284.336091890396,1,88.2117353999446,2.32,282.618502629394,286.15
"355",1401444000,"2014-05-30 6:0",283.577205142538,0,91.1151481274455,1.84741196198994,281.615148127445,285.672638345444
"356",1401447600,"2014-05-30 7:0",283.716666666667,1,87.9129129129129,0.933543543543544,281.633483483483,286.063783783784
"357",1401451200,"2014-05-30 8:0",285.925029719785,0,83.6815737333711,1.11288706481744,283.43776677045,288.057673365412
"358",1401454800,"2014-05-30 9:0",288.925858921162,0,83.0141078838174,1.76,285.875651452282,290.524248962656
"359",1401458400,"2014-05-30 10:0",291.694005934718,1,74.9554896142433,1.40041543026706,288.680296735905,293.409376854599
"360",1401462000,"2014-05-30 11:0",294.392499293985,8,62.0316294831968,1.26453544196555,292.036698672691,296.481708556905
"361",1401465600,"2014-05-30 12:0",296.163386616093,8,45.4966133839068,1.2634082904362,294.268759143863,298.15
"362",1401469200,"2014-05-30 13:0",297.211082372786,0,56.2257520382345,1.03,295.100643800956,299.002136631993
"363",1401472800,"2014-05-30 14:0",298.101105836359,0,67,0.769201340407707,295.926704831053,300.095844736107
"364",1401476400,"2014-05-30 15:0",299.080990237099,0,67,0.51,297.309642956764,300.921439330544
"365",1401480000,"2014-05-30 16:0",299.889339943343,0,62.1529745042493,0.762045325779037,298.15,301.32004815864
"366",1401483600,"2014-05-30 17:0",300.105345862699,0,57,1.03,298.15,301.601156356043
"367",1401487200,"2014-05-30 18:0",299.799466743119,0,52.802752293578,1.2975745412844,297.567631880734,302.04
"368",1401490800,"2014-05-30 19:0",299.172178661439,0,49,1.28278633436012,297.095477457295,301.19775133016
"369",1401494400,"2014-05-31 20:0",298.284529297417,0,49,0.769783393501805,296.649583449042,300.094770896973
"370",1401498000,"2014-05-31 21:0",296.497138444257,0,49,1.17836562763269,294.94199101376,298.993206964336
"371",1401501600,"2014-05-31 22:0",293.982353562005,0,53.1224274406332,2.15372295514512,291.705469656992,296.71745646438
"372",1401505200,"2014-05-31 23:0",291.599921259843,0,57,2.43,288.952125984252,293.696614173228
"373",1401508800,"2014-05-31 0:0",289.982298342541,0,57,2.43,287.318690607735,292.15
"374",1401512400,"2014-05-31 1:0",288.90049277825,0,61.4171622769754,2.24840555083546,286.210062305296,291.659204191447
"375",1401516000,"2014-05-31 2:0",288.261481888035,0,66,1.69426180021954,285.656915477497,291.15
"376",1401508800,"2014-05-31 0:0",289.982298342541,0,57,2.43,287.318690607735,292.15
"377",1401512400,"2014-05-31 1:0",288.90049277825,0,61.4171622769754,2.24840555083546,286.210062305296,291.659204191447
"378",1401516000,"2014-05-31 2:0",288.261481888035,0,66,1.69426180021954,285.656915477497,291.15
"379",1401519600,"2014-05-31 3:0",287.777560703321,0,66,0.91703321239185,285.099835333519,290.65879151549
"380",1401523200,"2014-05-31 4:0",287.696785218116,0,68.9324812447902,0.764148374548486,285.631319811059,290.15
"381",1401526800,"2014-05-31 5:0",287.895231973169,0,72,1.48633873672443,285.941131917272,290.15
"382",1401530400,"2014-05-31 6:0",287.413066115702,0,68.1057851239669,1.60004958677686,284.82967768595,289.716768595041
"383",1401534000,"2014-05-31 7:0",287.389257508343,12,61.5486651835373,1.12175194660734,284.804196329255,289.26
"384",1401537600,"2014-05-31 8:0",288.94931426985,0,59,1.27990283176013,286.732215435869,290.347812326485
"385",1401541200,"2014-05-31 9:0",291.144771772613,0,59.4861383366004,2.29837580509661,289.501464575749,292.291851022123
"386",1401544800,"2014-05-31 10:0",292.623268744735,1,54.7579331648413,2.86172423476552,291.192103341758,294.579654591407
"387",1401548400,"2014-05-31 11:0",294.959825581395,1,52.9767441860465,2.58508720930233,293.304331395349,297.144186046512
"388",1401552000,"2014-05-31 12:0",297.151931330472,0,57,2.0466008583691,295.546360515021,298.714051502146
"389",1401555600,"2014-05-31 13:0",298.088928090493,0,53.9474818206302,1.80455157554538,296.494715863183,299.712790196606
"390",1401559200,"2014-05-31 14:0",298.968474232774,0,51,1.54022872032426,297.600141864505,300.654632310365
"391",1401562800,"2014-05-31 15:0",299.616219816819,0,53.9075770191507,1.5291340549542,298.15,301.581290591174
"392",1401566400,"2014-05-31 16:0",299.905155728587,0,48.2803114571746,2.06,298.15,301.76872080089
"393",1401570000,"2014-05-31 17:0",299.739469320066,0,41.9187396351575,1.80704256495301,298.15,301.319469320066
"394",1401573600,"2014-05-31 18:0",299.14894590846,0,42.0624133148405,1.54,297.66040221914,300.768113730929
"395",1401577200,"2014-05-31 19:0",298.205597886541,0,36.551446051168,1.54,296.552552836485,299.826421023359
"396",1401580800,"2014-06-01 20:0",296.761330413359,0,36.4828907747057,1.54,295.100714481248,298.430714481248
"397",1401584400,"2014-06-01 21:0",294.807259656047,0,39,1.02862982802368,292.879797011559,297.038911756414
"398",1401588000,"2014-06-01 22:0",292.611850523993,0,36.5358521787093,0.766271373414231,290.824536679537,294.83887755102
"399",1401591600,"2014-06-01 23:0",290.525051864312,0,34,3.11001682085786,289.166540510233,292.604179983179
"400",1401595200,"2014-06-01 0:0",289.147417465389,8,41.6277955271566,2.84453141640043,287.58554313099,291.47554313099
"401",1401598800,"2014-06-01 1:0",288.022434456929,24,52.5917602996255,0.51,286.183108614232,290.016666666667
"402",1401602400,"2014-06-01 2:0",286.883723076923,24,52.5616783216783,0.51,284.554626573427,289.15
"403",1401606000,"2014-06-01 3:0",286.129360176503,8,49,0.765554329840044,283.71,288.658549365692
"404",1401609600,"2014-06-01 4:0",285.365529608007,8,59.3861551292744,2.03399499582986,282.93845704754,288.15
"405",1401613200,"2014-06-01 5:0",284.580939691445,8,70,2.06692286115007,281.66079943899,287.66079943899
"406",1401616800,"2014-06-01 6:0",284.174530248118,8,64.2090883746864,1.25681070532478,281.15,287.096916643435
"407",1401620400,"2014-06-01 7:0",284.325468102734,1,57.5161557580779,2.09028997514499,281.580621375311,287.577067108534
"408",1401624000,"2014-06-01 8:0",286.705497206704,24,57,1.65080446927374,283.114033519553,289.494960893855
"409",1401627600,"2014-06-01 9:0",290.416788482835,24,57,0.761074197120709,286.40861572536,292.484728682171
"410",1401631200,"2014-06-01 10:0",293.803280481137,24,54.0442864953527,1.03,290.350420995079,296.120475669765
"411",1401634800,"2014-06-01 11:0",296.929575537559,64,51,1.54284278134599,294.25070092153,299.145811225915
"412",1401768000,"2014-06-03 0:0",298.769984447901,0,-377.18921721099,-5.58783825816485,299.306645930534,308.126153447382
"413",1401771600,"2014-06-03 1:0",297.986158631415,0,-313.736651114567,-4.63604976671851,298.261544841887,306.25990150337
"414",1401775200,"2014-06-03 2:0",297.20233281493,0,-250.284085018144,-3.68426127527216,297.21644375324,304.393649559357
"415",1401778800,"2014-06-03 3:0",296.418506998445,0,-186.831518921721,-2.73247278382582,296.171342664593,302.527397615345
"416",1401782400,"2014-06-03 4:0",295.63468118196,0,-123.378952825298,-1.78068429237947,295.126241575946,300.661145671332
"417",1401786000,"2014-06-03 5:0",294.850855365474,0,-59.9263867288751,-0.828895800933126,294.081140487299,298.79489372732
"418",1401789600,"2014-06-03 6:0",294.067029548989,0,3.52617936754795,0.122892690513219,293.036039398652,296.928641783307
"419",1401793200,"2014-06-03 7:0",293.283203732504,0,66.978745463971,1.07468118195956,291.990938310005,295.062389839295
"420",1401796800,"2014-06-03 8:0",293.806177045518,0,80.0438425020944,1.03,292.579656520525,295.636177045518
"421",1401800400,"2014-06-03 9:0",294.982519707207,76,81.2711148648649,1.27308277027027,293.416914414414,296.626632882883
"422",1401804000,"2014-06-03 10:0",296.398360076149,0,60.6304052216481,2.53162360620071,294.77864291542,298.112741365243
"423",1401807600,"2014-06-03 11:0",297.497781541067,0,57.4834885690093,4.09799322607959,296.195918712955,299.633488569009
"424",1401811200,"2014-06-03 12:0",298.278115141956,0,57.4960567823344,4.36794952681388,296.48,300.653943217666
"425",1401814800,"2014-06-03 13:0",298.763371461253,0,51.8126965970832,3.84544752645124,296.308818987704,300.745390334573
"426",1401818400,"2014-06-03 14:0",298.777414397412,0,47,4.13402264761391,296.15,300.37
"427",1401822000,"2014-06-03 15:0",298.527595356551,0,43.2446102819237,4.35102819237148,296.627470978441,300.251973466003
"428",1401825600,"2014-06-03 16:0",298.240707217695,40,43.1030267753201,4.93230209545984,296.579717694994,299.689717694994
"429",1401829200,"2014-06-03 17:0",297.946178723404,40,55.1739007092199,4.93228936170213,296.043775886525,299.79594893617
"430",1401832800,"2014-06-03 18:0",297.614980947196,0,52.915078933043,4.11,295.552950462711,300.263652694611
"431",1401836400,"2014-06-03 19:0",296.822513368984,0,38.5401069518717,3.86181818181818,294.663368983957,298.90422459893
"432",1401840000,"2014-06-04 20:0",295.786641562064,0,37,2.86372105997211,293.67189679219,297.59
"433",1401843600,"2014-06-04 21:0",294.686713325868,0,37,4.24538073908175,292.205991041433,296.542150055991
"434",1401847200,"2014-06-04 22:0",292.609118541033,0,42.1823708206687,5.09759878419453,290.259574468085,294.060273556231
"435",1401850800,"2014-06-04 23:0",290.645671641791,0,48,3.31,288.731384742952,292.59
"436",1401854400,"2014-06-04 0:0",289.241249341065,0,58.6107011070111,2.31966789667897,287.589148655772,291.862409066948
"437",1401858000,"2014-06-04 1:0",287.716928009327,0,69,1.35,286.077097056252,289.906887204897
"438",1401861600,"2014-06-04 2:0",286.68274211099,0,69,1.35,284.653808487486,288.928324265506
"439",1401865200,"2014-06-04 3:0",286.24615780446,0,69,1.35,284.15,289.15
"440",1401868800,"2014-06-04 4:0",285.945968314668,0,68.5129745971046,1.59838295547665,284.47630701994,288.175949194209
"441",1401872400,"2014-06-04 5:0",285.783634071168,32,68,1.86,284.82,287.15
"442",1401876000,"2014-06-04 6:0",286.078742857143,32,70.9828571428571,1.51697142857143,284.82,287.647142857143
"443",1401879600,"2014-06-04 7:0",286.742948504983,20,66.8720930232558,0.833970099667774,285.100024916944,288.659136212625
"444",1402027200,"2014-06-06 0:0",292.55008027169,92,-481.518061129978,-29.3160234640321,282.604779252855,291.15
"445",1402030800,"2014-06-06 1:0",292.505622105589,92,-471.514973757333,-28.7491818462488,282.727039209632,291.15
"446",1402034400,"2014-06-06 2:0",292.461163939489,92,-461.511886384687,-28.1823402284656,282.849299166409,291.15
"447",1402038000,"2014-06-06 3:0",292.416705773388,92,-451.508799012041,-27.6154986106823,282.971559123185,291.15
"448",1402041600,"2014-06-06 4:0",292.372247607287,92,-441.505711639395,-27.048656992899,283.093819079962,291.15
"449",1402045200,"2014-06-06 5:0",292.327789441187,92,-431.502624266749,-26.4818153751158,283.216079036739,291.15
"450",1402048800,"2014-06-06 6:0",292.283331275086,92,-421.499536894103,-25.9149737573325,283.338338993516,291.15
"451",1402052400,"2014-06-06 7:0",292.238873108985,92,-411.496449521457,-25.3481321395492,283.460598950293,291.15
"452",1402056000,"2014-06-06 8:0",292.194414942885,92,-401.493362148811,-24.781290521766,283.582858907069,291.15
"453",1402059600,"2014-06-06 9:0",292.149956776784,92,-391.490274776166,-24.2144489039827,283.705118863846,291.15
"454",1402063200,"2014-06-06 10:0",292.105498610683,92,-381.48718740352,-23.6476072861994,283.827378820623,291.15
"455",1402066800,"2014-06-06 11:0",292.061040444583,92,-371.484100030874,-23.0807656684162,283.9496387774,291.15
"456",1402070400,"2014-06-06 12:0",292.016582278482,92,-361.481012658228,-22.5139240506329,284.071898734177,291.15
"457",1402074000,"2014-06-06 13:0",291.972124112381,92,-351.477925285582,-21.9470824328496,284.194158690953,291.15
"458",1402077600,"2014-06-06 14:0",291.927665946281,92,-341.474837912936,-21.3802408150664,284.31641864773,291.15
"459",1402081200,"2014-06-06 15:0",291.88320778018,92,-331.47175054029,-20.8133991972831,284.438678604507,291.15
"460",1402084800,"2014-06-06 16:0",291.838749614079,92,-321.468663167644,-20.2465575794998,284.560938561284,291.15
"461",1402088400,"2014-06-06 17:0",291.794291447979,92,-311.465575794998,-19.6797159617166,284.683198518061,291.15
"462",1402092000,"2014-06-06 18:0",291.749833281878,92,-301.462488422353,-19.1128743439333,284.805458474837,291.15
"463",1402095600,"2014-06-06 19:0",291.705375115777,92,-291.459401049707,-18.54603272615,284.927718431614,291.15
"464",1402099200,"2014-06-07 20:0",291.660916949677,92,-281.456313677061,-17.9791911083668,285.049978388391,291.15
"465",1402102800,"2014-06-07 21:0",291.616458783576,92,-271.453226304415,-17.4123494905835,285.172238345168,291.15
"466",1402106400,"2014-06-07 22:0",291.572000617475,92,-261.450138931769,-16.8455078728002,285.294498301945,291.15
"467",1402110000,"2014-06-07 23:0",291.527542451375,92,-251.447051559123,-16.278666255017,285.416758258721,291.15
"468",1402113600,"2014-06-07 0:0",291.483084285274,92,-241.443964186477,-15.7118246372337,285.539018215498,291.15
"469",1402117200,"2014-06-07 1:0",291.438626119173,92,-231.440876813831,-15.1449830194505,285.661278172275,291.15
"470",1402120800,"2014-06-07 2:0",291.394167953073,92,-221.437789441186,-14.5781414016672,285.783538129052,291.15
"471",1402124400,"2014-06-07 3:0",291.349709786972,92,-211.43470206854,-14.0112997838839,285.905798085829,291.15
"472",1402128000,"2014-06-07 4:0",291.305251620871,92,-201.431614695894,-13.4444581661006,286.028058042605,291.15
"473",1402131600,"2014-06-07 5:0",291.260793454771,92,-191.428527323248,-12.8776165483174,286.150317999382,291.15
"474",1402135200,"2014-06-07 6:0",291.21633528867,92,-181.425439950602,-12.3107749305341,286.272577956159,291.15
"475",1402138800,"2014-06-07 7:0",291.171877122569,92,-171.422352577956,-11.7439333127508,286.394837912936,291.15
"476",1402142400,"2014-06-07 8:0",291.127418956469,92,-161.41926520531,-11.1770916949676,286.517097869713,291.15
"477",1402146000,"2014-06-07 9:0",291.082960790368,92,-151.416177832664,-10.6102500771843,286.639357826489,291.15
"478",1402149600,"2014-06-07 10:0",291.038502624267,92,-141.413090460019,-10.043408459401,286.761617783266,291.15
"479",1402153200,"2014-06-07 11:0",290.994044458167,92,-131.410003087373,-9.47656684161778,286.883877740043,291.15
"480",1402156800,"2014-06-07 12:0",290.949586292066,92,-121.406915714727,-8.90972522383452,287.00613769682,291.15
"481",1402160400,"2014-06-07 13:0",290.905128125965,92,-111.403828342081,-8.34288360605125,287.128397653596,291.15
"482",1402164000,"2014-06-07 14:0",290.860669959865,92,-101.400740969435,-7.77604198826798,287.250657610373,291.15
"483",1402167600,"2014-06-07 15:0",290.816211793764,92,-91.3976535967891,-7.20920037048472,287.37291756715,291.15
"484",1402171200,"2014-06-07 16:0",290.771753627663,92,-81.3945662241432,-6.64235875270145,287.495177523927,291.15
"485",1402174800,"2014-06-07 17:0",290.727295461563,92,-71.3914788514974,-6.07551713491818,287.617437480704,291.15
"486",1402178400,"2014-06-07 18:0",290.682837295462,92,-61.3883914788515,-5.50867551713492,287.739697437481,291.15
"487",1402182000,"2014-06-07 19:0",290.638379129361,92,-51.3853041062056,-4.94183389935165,287.861957394257,291.15
"488",1402185600,"2014-06-08 20:0",290.59392096326,92,-41.3822167335597,-4.37499228156839,287.984217351034,291.15
"489",1402189200,"2014-06-08 21:0",290.54946279716,92,-31.3791293609139,-3.80815066378512,288.106477307811,291.15
"490",1402192800,"2014-06-08 22:0",290.505004631059,92,-21.376041988268,-3.24130904600185,288.228737264588,291.15
"491",1402196400,"2014-06-08 23:0",290.460546464958,92,-11.3729546156221,-2.67446742821859,288.350997221364,291.15
"492",1402200000,"2014-06-08 0:0",290.416088298858,92,-1.36986724297623,-2.10762581043532,288.473257178141,291.15
"493",1402203600,"2014-06-08 1:0",290.371630132757,92,8.63322012966965,-1.54078419265205,288.595517134918,291.15
"494",1402207200,"2014-06-08 2:0",290.327171966656,92,18.6363075023155,-0.973942574868786,288.717777091695,291.15
"495",1402210800,"2014-06-08 3:0",290.282713800556,92,28.6393948749614,-0.40710095708552,288.840037048472,291.15
"496",1402214400,"2014-06-08 4:0",290.238255634455,92,38.6424822476073,0.159740660697746,288.962297005249,291.15
"497",1402218000,"2014-06-08 5:0",290.193797468354,92,48.6455696202532,0.726582278481013,289.084556962025,291.15
"498",1402221600,"2014-06-08 6:0",290.149339302254,88,58.648656992899,1.29342389626428,289.206816918802,291.15
"499",1402225200,"2014-06-08 7:0",290.143815461347,92,60.5461346633416,2.77127182044888,289.15,291.15
"500",1402228800,"2014-06-08 8:0",289.880803645402,92,80.0190555095278,5.02,288.709237779619,291.295451532726
"501",1402232400,"2014-06-08 9:0",289.275453029461,92,82.9244024458032,3.25233463035019,288.15,290.890778210117
"502",1402236000,"2014-06-08 10:0",288.980043490079,92,81.7328078282142,1.03,288.15,290.15
"503",1402239600,"2014-06-08 11:0",289.470943501252,92,97,1.50758975786251,288.409660450877,290.613679376566
"504",1402243200,"2014-06-08 12:0",290.783850707851,92,97,1.54274646074646,289.267428571429,292.154375804376
"505",1402246800,"2014-06-08 13:0",293.002548602673,92,86.5191373025516,1.54406136087485,291.202475698663,294.647266099635
"506",1402250400,"2014-06-08 14:0",294.940565340909,56,76,2.28645738636364,293.087318181818,297.038068181818
"507",1402254000,"2014-06-08 15:0",296.496822687225,56,76,2.79396751101322,294.781530837004,298.883383810573
"508",1402257600,"2014-06-08 16:0",297.735420016634,56,58.678680343776,2.62698087052953,296.296565012476,299.82
"509",1402261200,"2014-06-08 17:0",297.91840682095,0,54.4514007308161,1.53132521315469,296.767434835566,299.532565164434
"510",1402264800,"2014-06-08 18:0",290.48461794943,0,72.8814750129004,1.76377525503116,289.20365657127,291.941062199817
"511",1402268400,"2014-06-08 19:0",291.604929146985,0,72.5956813400548,1.65231572262136,290.393987218672,293.052799587187
"512",1402272000,"2014-06-09 20:0",292.72524034454,0,72.3098876672091,1.54085619021157,291.584317866074,294.164536974556
"513",1402275600,"2014-06-09 21:0",293.845551542095,0,72.0240939943635,1.42939665780177,292.774648513476,295.276274361926
"514",1402279200,"2014-06-09 22:0",294.96586273965,0,71.7383003215179,1.31793712539197,293.964979160878,296.388011749295
"515",1402282800,"2014-06-09 23:0",296.086173937205,0,71.4525066486723,1.20647759298218,295.15530980828,297.499749136665
"516",1402286400,"2014-06-09 0:0",297.20648513476,0,71.1667129758266,1.09501806057238,296.345640455682,298.611486524034
"517",1402286400,"2014-06-09 0:0",286.349345846757,0,90.2061913433254,1.23646028855582,285.52111920437,287.660225521782
"518",1402290000,"2014-06-09 1:0",287.156181538031,0,86.4241490404819,1.36252836531727,286.222057711164,288.499838913013
"519",1402293600,"2014-06-09 2:0",287.963017229304,0,82.6421067376383,1.48859644207872,286.922996217958,289.339452304244
"520",1402297200,"2014-06-09 3:0",288.769852920577,0,78.8600644347948,1.61466451884017,287.623934724751,290.179065695476
"521",1402300800,"2014-06-09 4:0",289.57668861185,0,75.0780221319513,1.74073259560162,288.324873231545,291.018679086707
"522",1402304400,"2014-06-09 5:0",286.948305840392,0,75.1694159607668,1.50673562193491,285.93,287.670991529202
"523",1402308000,"2014-06-09 6:0",286.900156041016,0,79.9843958983504,1.43290592955863,285.93,287.850750780205
"524",1402311600,"2014-06-09 7:0",286.852006241641,0,84.799375835934,1.35907623718235,285.93,288.030510031208
"525",1402315200,"2014-06-09 8:0",289.379526266417,1,76.245153220763,2.13224046278924,287.276738586617,291.28947467167
"526",1402318800,"2014-06-09 9:0",287.707856472796,0,73.9937460913071,1.72135866166354,286.342404627892,288.72287054409
"527",1402322400,"2014-06-09 10:0",291.282787184163,1,76.0476686637145,1.9223990622558,288.913740557437,293.68325345142
"528",1402326000,"2014-06-09 11:0",293.575490196078,0,75,1.52913165266106,291.287422969188,295.942100840336
"529",1402329600,"2014-06-09 12:0",296.962512813212,0,53.8525056947608,1.15481349658314,295.527991173121,299.251832289294
"530",1402333200,"2014-06-09 13:0",295.50180666287,0,68.2033029612756,1.41620301822323,293.534255410023,297.370852790433
"531",1402336800,"2014-06-09 14:0",298.165361235675,40,53.7100149476831,1.87406078724464,296.48,300.569342301943
"532",1402340400,"2014-06-09 15:0",298.616502908856,1,42.349709114415,2.32495151906917,296.848564964447,300.500924369748
"533",1402344000,"2014-06-09 16:0",299.000805790768,1,39.5151597924064,2.67413821360284,297.644946735864,300.644946735864
"534",1402347600,"2014-06-09 17:0",299.686322089227,1,36.9347116430903,3.26,298.15,301.682644178455
"535",1402351200,"2014-06-09 18:0",299.801073498018,75,33.4214699603538,3.26,298.15,301.634293992071
"536",1402354800,"2014-06-09 19:0",299.455086605081,75,36.9670900692841,3.24163972286374,297.690993071594,301.15
"537",1402358400,"2014-06-10 20:0",298.516642335766,40,48.0401459854015,2.44788321167883,296.252189781022,300.252189781022
"538",1402362000,"2014-06-10 21:0",296.683948037278,1,53,1.5,294.704363174245,297.813089522734
"539",1402365600,"2014-06-10 22:0",294.164419247788,1,58.0406526548673,1.5,291.858794247788,295.691758849558
"540",1402369200,"2014-06-10 23:0",293.611725714286,1,61.3637142857143,1.5,291.877142857143,295.240857142857
"541",1402372800,"2014-06-10 0:0",290.938289408255,1,70.163600198906,2.36474888115366,288.126628543013,293.126628543013
"542",1402376400,"2014-06-10 1:0",289.87,1,77,2.74574193548387,288.217741935484,291.616129032258
"543",1402380000,"2014-06-10 2:0",289.660074937552,1,77,2.33663613655287,288.672897585346,290.672897585346
"544",1402383600,"2014-06-10 3:0",289.178578391552,1,77,1.58548334687246,288.15,290.15
"545",1402387200,"2014-06-10 4:0",288.432378121284,1,81.9762187871581,2.0065933412604,287.154756242568,290.15
"546",1402390800,"2014-06-10 5:0",287.990409448819,1,84.4829396325459,1.58441994750656,286.15,290.15
"547",1402394400,"2014-06-10 6:0",287.273831246273,1,85.7671437090042,2.37397734048897,284.643142516398,289.396571258199
"548",1402398000,"2014-06-10 7:0",287.848070960048,1,83.0837805605247,1.75143709004174,285.71648777579,289.933243887895
"549",1402401600,"2014-06-10 8:0",288.199266106443,1,84.9635854341737,2.66,285.779131652661,289.96456582633
"550",1402405200,"2014-06-10 9:0",290.843609633156,1,77.939512741529,2.43261271352562,288.962097451694,292.368146177541
"551",1402408800,"2014-06-10 10:0",293.199222395023,1,66.5692068429238,1.82846034214619,291.507698289269,295.055132192846
"552",1402412400,"2014-06-10 11:0",294.441936881188,1,60,1.76324257425743,293.15,296.15
"553",1402416000,"2014-06-10 12:0",295.346966292135,1,56,1.7561797752809,294.576966292135,296.576966292135
"554",1402419600,"2014-06-10 13:0",295.377856301531,1,58.2944640753828,2.6736160188457,294.576383981154,296.576383981154
"555",1402423200,"2014-06-10 14:0",296.626816499207,1,53,3.53363299841354,295.583632998414,298.583632998414
"556",1402426800,"2014-06-10 15:0",297.121670139923,1,51.7299791604644,3.8883298600774,296.15,299.15
"557",1402430400,"2014-06-10 16:0",297.312711769639,1,52.4322057590159,3.39731618674867,296.15,299.15
"558",1402434000,"2014-06-10 17:0",297.165971751412,40,59.2225988700565,3.50282485875706,296.15,299.15
"559",1402437600,"2014-06-10 18:0",297.266728694714,20,59.3039374325782,4.31345738942826,296.15,299.15
"560",1402441200,"2014-06-10 19:0",297.310252421485,40,51.3375403580863,3.97657763428236,296.15,299.15
"561",1402444800,"2014-06-11 20:0",296.772234636872,40,50.591061452514,3.29888268156425,295.752234636871,298.354469273743
"562",1402448400,"2014-06-11 21:0",295.537467714767,40,52.599663110612,2.57113419427288,294.573514879281,296.437400336889
"563",1402452000,"2014-06-11 22:0",294.612838709677,24,58.4269284712482,1.66064235624123,293.485057503506,295.836687237027
"564",1402455600,"2014-06-11 23:0",293.812072480181,92,69,1.54,292.59,294.91745186863
"565",1402459200,"2014-06-11 0:0",293.396680953657,92,69,1.54,292.350286632735,294.212057326547
"566",1402462800,"2014-06-11 1:0",292.904132896305,92,82.2368891537545,1.54,291.65997318236,294.15
"567",1402466400,"2014-06-11 2:0",291.694087125416,92,100,1.33212264150943,290.334794672586,293.334794672586
"568",1402470000,"2014-06-11 3:0",290.318130127298,92,95.1355021216407,1.66643847241867,288.744625176803,291.744625176803
"569",1402473600,"2014-06-11 4:0",290.099921011058,90,92.3733543970511,2.13642443391259,288.15,291.587335439705
"570",1402477200,"2014-06-11 5:0",290.33923932124,100,98,1.31588648332358,288.15,292.15
"571",1402480800,"2014-06-11 6:0",290.476326874474,100,95.9008705419826,2.68411401291772,288.15,292.15
"572",1402484400,"2014-06-11 7:0",290.726555839727,88,98.81898266553,1.16109121909633,288.559491332765,292.15
"573",1402488000,"2014-06-11 8:0",291.369847629797,68,96.6010158013544,1.52400677200903,289.549830699774,292.949661399549
"574",1402491600,"2014-06-11 9:0",292.044157181572,90,95.5154471544715,1.0849512195122,290.569241192412,294.15
"575",1402495200,"2014-06-11 10:0",292.603914686825,68,98.5440064794816,0.51,291.605993520518,294.15
"576",1402498800,"2014-06-11 11:0",293.558000605877,88,89.3965465010603,2.26940624053317,292.010345349894,295.440518024841
"577",1402502400,"2014-06-11 12:0",295.018559322034,75,86.6599576271186,3.05419756355932,293.582997881356,297.15
"578",1402506000,"2014-06-11 13:0",295.642824655895,88,96.2968282465589,1.48559844404548,293.72420706164,298.001585876721
"579",1402509600,"2014-06-11 14:0",296.819947916667,90,94,2.08229166666667,294.478125,299.592708333333
"580",1402513200,"2014-06-11 15:0",296.66614472484,75,78,5.30963818789906,295.283475220432,298.850212830648
"581",1402516800,"2014-06-11 16:0",294.845992799778,90,81.2589310440321,5.06735253392412,293.742633619496,296.742633619496
"582",1402520400,"2014-06-11 17:0",294.435795163585,36,86,0.51,293.15,296.555689900427
"583",1402524000,"2014-06-11 18:0",295.39503715091,36,86,2.24138098898283,293.653097617217,297.15
"584",1402527600,"2014-06-11 19:0",295.388074418605,36,84.6688372093023,3.87740465116279,294.015953488372,297.15
"585",1402531200,"2014-06-12 20:0",294.986914446003,88,83,3.31,293.259172510519,297.15
"586",1402534800,"2014-06-12 21:0",294.762220039293,88,83,3.31,292.59,297.15
"587",1402538400,"2014-06-12 22:0",294.214342251951,88,85.889353400223,2.75276755852843,292.362979375697,296.324470457079
"588",1402542000,"2014-06-12 23:0",292.98038100654,92,90,1.96,292.04,294.554264998578
"589",1402545600,"2014-06-12 0:0",292.629161643836,92,94.2630136986301,1.96,291.660591780822,293.71
"590",1402549200,"2014-06-12 1:0",292.425962714827,40,97.5059714535392,1.3572764346053,291.287171570055,293.47722400233
"591",1402552800,"2014-06-12 2:0",292.289020979021,88,94,1.58037762237762,291.48,293.746083916084
